tag	load_before	load_after	wall_s	cpu_s	user_s	sys_s	max_rss_mb	exit
N1.test	55.73	48.32	84.92	306	293	13	1041	0
N1.clippy	48.32	47.11	32.27	53	46	6	483	0
N1.wasm	47.11	61.72	44.58	41	36	4	501	0
S1.test	61.72	70.06	128.35	314	300	14	1082	0
S1.clippy	70.06	59.64	29.92	62	53	9	362	0
S1.wasm	59.64	44.80	29.27	51	44	7	302	0
N2.test	44.80	91.90	144.54	284	274	10	1037	0
N2.clippy	91.90	80.18	31.67	48	42	6	483	0
N2.wasm	80.18	79.23	55.84	43	38	5	501	0
S2.test	79.23	84.34	132.97	270	259	11	1072	0
S2.clippy	84.34	80.98	45.13	43	36	7	362	0
S2.wasm	80.98	109.07	75.27	31	26	5	303	0
N3.test	106.82	113.27	129.29	278	268	10	1001	0
N3.clippy	113.27	117.05	71.39	47	42	5	483	0
N3.wasm	117.05	106.59	76.40	42	37	4	501	0
S3.test	106.59	100.61	146.76	251	242	10	1098	0
S3.clippy	100.61	102.51	47.75	33	27	6	362	0
S3.wasm	102.51	107.50	36.36	20	15	4	303	0
N4.test	107.50	99.94	172.64	294	283	11	1050	0
N4.clippy	99.94	85.51	58.50	50	44	6	483	0
N4.wasm	85.51	90.78	79.04	42	37	4	501	0
S4.test	90.78	138.78	186.23	245	236	9	1045	0
S4.clippy	138.78	126.08	54.93	35	28	7	362	0
S4.wasm	126.08	125.33	47.88	21	16	5	303	0
WN1	124.50	109.58	533.29	134	128	7	736	0
WS1	109.58	132.66	512.25	136	128	8	737	0
WN2	132.66	80.77	507.13	135	128	7	715	0
WS2	80.77	113.74	450.56	112	105	7	735	0
WN3	113.74	96.36	353.52	124	118	6	726	0
WS3	96.36	123.89	328.00	72	66	6	724	0
P0.cold	123.89	132.11	203.65	285	275	11	1022	0
R1.V0.build	132.11	128.82	200.74	216	211	5	1031	0
R1.V0.run	128.82	127.35	934.60	1078	1068	10	80	0
R1.V0.eg1	127.35	113.71	85.16	102	98	4	979	0
R1.V0.es1	113.71	120.67	79.02	87	84	3	1045	0
R1.V0.eg.scc	120.67	116.07	73.55	98	94	4	1053	0
R1.V0.es.scc	116.07	118.44	38.61	36	34	2	1000	0
R1.V1.build	119.04	110.50	160.43	217	211	6	1025	0
R1.V1.run	110.50	102.10	763.67	1117	1103	14	88	0
R1.V1.eg1	102.10	103.47	40.48	42	39	3	1046	0
R1.V1.es1	103.47	116.83	26.06	33	32	2	1015	0
R1.V2.build	116.83	161.52	123.25	162	158	5	1040	0
R1.V2.run	161.52	128.15	931.81	1131	1113	18	80	0
R1.V2.eg1	128.15	126.74	55.52	29	26	3	836	0
R1.V2.es1	126.74	120.66	34.69	25	24	2	942	0
R1.V3.build	121.33	128.19	222.93	253	245	8	843	0
R1.V3.run	128.19	105.25	641.83	1105	1092	14	81	0
R1.V3.eg1	105.25	100.73	15.75	10	6	4	380	0
R1.V3.es1	100.73	103.49	24.06	12	10	2	460	0
N9.build	103.49	94.55	230.45	306	294	12	1027	0
S9.build	96.75	89.81	222.26	276	264	12	1083	0
S9.run	87.23	94.56	269.18	621	616	5	162	100
F.clippy.scc	94.56	105.63	40.08	28	24	4	361	101
F.clippy.plain	105.63	104.66	7.89	3	3	0	361	101
F.test.scc	104.66	115.46	77.51	85	80	6	1060	100
F.test.plain	115.46	115.46	0.61	0	0	0	43	100
CV.P1	115.46	99.30	146.60	113	108	6	567	1
CV.P1	85.34	91.92	165.05	117	110	6	568	0
CV.S1	91.92	78.60	114.04	85	79	6	563	0
CV.S2	78.60	73.58	83.12	64	58	6	564	0
CV.P2	72.01	116.93	129.95	112	106	6	538	0
MU.P	116.93	118.55	283.34	171	160	11	565	0
MU.S	118.55	131.10	257.48	156	145	11	553	0
Z1.a	133.34	165.73	175.36	283	272	11	1030	0
R3.V0.build	168.61	126.18	183.42	226	219	7	1063	0
R3.V0.eg1	126.18	117.18	44.73	41	38	3	1016	0
R3.V0.es1	117.18	113.96	29.23	33	31	2	962	0
R3.V0.eg2	113.96	133.62	42.56	31	28	2	801	0
R3.V0.es2	133.62	135.72	45.09	35	33	2	956	0
R3.V0.eg3	135.72	153.84	43.71	31	29	2	840	0
R3.V0.es3	153.84	185.66	44.54	33	32	2	926	0
R3.V2.build	185.66	192.45	159.90	156	152	4	1078	0
R3.V2.eg1	192.45	182.09	49.71	31	28	2	953	0
R3.V2.es1	182.09	182.49	28.82	24	23	1	978	0
R3.V2.eg2	182.49	171.12	45.73	27	24	2	878	0
R3.V2.es2	171.12	165.81	27.52	24	22	1	928	0
R3.V2.eg3	165.81	172.11	46.65	27	25	2	846	0
R3.V2.es3	172.11	171.32	26.85	25	23	1	972	0
R3.V3.build	173.53	188.08	135.57	229	222	7	807	0
R3.V3.eg1	188.08	183.83	16.55	11	6	4	411	0
R3.V3.es1	183.83	177.59	25.64	12	10	2	442	0
R3.V3.eg2	177.59	176.14	19.13	9	6	4	407	0
R3.V3.es2	176.14	167.80	20.49	12	9	2	446	0
R3.V3.eg3	167.80	160.35	20.00	10	6	4	407	0
R3.V3.es3	160.35	140.88	33.41	12	10	2	475	0
R3.V0b.build	138.25	160.94	187.99	225	220	5	1017	0
R3.V0b.eg1	160.94	137.21	43.29	40	38	3	965	0
R3.V0b.es1	137.21	128.49	54.18	40	37	2	978	0
R3.V0b.eg2	128.49	117.93	54.06	34	32	3	816	0
R3.V0b.es2	117.93	115.38	37.00	36	34	2	966	0
R3.V0b.eg3	115.38	127.87	53.07	33	30	3	832	0
R3.V0b.es3	128.20	128.27	40.76	36	34	2	981	0
R3.V3b.build	128.27	113.75	165.44	245	237	8	817	0
R3.V3b.eg1	113.75	105.28	19.43	11	6	4	428	0
R3.V3b.es1	105.28	99.34	28.61	13	10	2	477	0
R3.V3b.eg2	99.34	98.91	16.93	10	6	4	402	0
R3.V3b.es2	98.91	101.35	32.97	13	10	2	452	0
R3.V3b.eg3	101.35	103.75	22.98	10	6	4	407	0
R3.V3b.es3	103.75	103.75	30.30	13	10	2	453	0
NI.V0.build	102.17	133.31	200.26	283	273	10	1028	0
NI.V0.mu1	133.31	117.90	104.56	68	66	2	576	0
NI.V0.mu2	117.90	125.63	17.28	9	9	0	382	0
NI.V0.mu3	125.63	119.69	16.33	9	9	0	376	0
NI.V3.build	117.79	113.39	127.45	237	231	6	854	0
NI.V3.mu1	113.39	122.51	79.47	36	34	1	495	0
NI.V3.mu2	122.51	132.00	25.30	10	10	0	382	0
NI.V3.mu3	132.00	153.64	22.43	10	10	0	377	0
NI.V3b.build	153.64	181.30	161.78	224	219	5	881	0
NI.V3b.mu1	181.30	150.21	74.56	34	33	1	506	0
NI.V3b.mu2	150.21	146.10	22.28	10	10	0	359	0
NI.V3b.mu3	146.10	153.98	25.78	10	10	0	374	0
NI.V0b.build	153.98	182.73	164.93	204	200	4	991	0
NI.V0b.mu1	182.73	200.61	89.02	32	31	1	519	0
NI.V0b.mu2	200.61	201.56	22.99	9	8	0	379	0
NI.V0b.mu3	201.56	201.67	26.10	9	8	0	392	0
R4.V3.build	201.64	206.05	199.33	224	217	7	832	0
R4.V3.run	206.05	203.52	886.02	1069	1060	9	92	0
R4.V0.build	203.52	197.27	274.59	225	220	5	1008	0
R4.V0.run	197.27	222.34	985.60	1083	1076	8	87	0
Z1.a	222.34	205.93	311.54	277	268	9	1026	0
Z1.a.eg	205.93	189.66	48.05	31	29	2	822	0
Z1.a.es	189.66	178.70	41.11	34	33	1	974	0
Z8.a	177.36	196.11	230.35	288	277	11	1131	0
Z8.a.eg	196.11	186.54	47.63	32	29	2	829	0
Z8.a.es	186.54	184.95	44.58	34	32	2	1002	0
ZC1.a	184.32	183.17	95.54	46	41	5	484	0
ZC8.a	183.17	196.48	53.98	55	48	7	578	0
CL.tf.llvm1.build	196.48	153.96	214.06	101	96	6	594	0
CL.tf.llvm1.run	153.96	147.20	58.69	17	17	0	43	0
CL.tf.clif1.build	147.20	137.73	128.68	43	39	5	517	0
CL.tf.clif1.run	137.73	130.83	312.11	124	122	1	43	0
CL.chk.llvm1	130.83	160.16	92.59	50	44	6	490	0
CL.chk.clif1	157.83	145.47	117.78	48	43	5	488	0
T1.cold	145.47	215.12	365.28	289	279	10	1026	0
ZC8.b	219.83	218.72	86.25	57	50	7	575	0
ZC1.b	218.26	197.85	160.17	50	44	6	483	0
ZC8.c	197.85	206.76	84.96	57	50	7	576	0
ZC1.c	206.76	197.85	160.23	47	42	6	483	0
